[
  {
    "data":"2024-01-17T17:00:00",
    "stato":"ITA",
    "codice_regione":13,
    "denominazione_regione":"Abruzzo",
    "lat":42.35122196,
    "long":13.39843823,
    "ricoverati_con_sintomi":79,
    "terapia_intensiva":4,
    "totale_ospedalizzati":83,
    "isolamento_domiciliare":9519,
    "totale_positivi":9602,
    "variazione_totale_positivi":-39,
    "nuovi_positivi":33,
    "dimessi_guariti":674859,
    "deceduti":4085,
    "casi_da_sospetto_diagnostico":null,
    "casi_da_screening":null,
    "totale_casi":688546,
    "tamponi":7683625,
    "casi_testati":1390381,
    "note":"Il dato ''incremento casi confermati'' \u00e8 composto da 33, cio\u00e8 24 ''nuovi positivi'' e 9 ''reinfezioni''. ",
    "ingressi_terapia_intensiva":0,
    "note_test":null,
    "note_casi":null,
    "totale_positivi_test_molecolare":263779,
    "totale_positivi_test_antigenico_rapido":424767,
    "tamponi_test_molecolare":2646091,
    "tamponi_test_antigenico_rapido":5037534,
    "codice_nuts_1":"ITF",
    "codice_nuts_2":"ITF1"
  },
  {
    "data":"2024-01-17T17:00:00",
    "stato":"ITA",
    "codice_regione":17,
    "denominazione_regione":"Basilicata",
    "lat":40.63947052,
    "long":15.80514834,
    "ricoverati_con_sintomi":28,
    "terapia_intensiva":1,
    "totale_ospedalizzati":29,
    "isolamento_domiciliare":9866,
    "totale_positivi":9895,
    "variazione_totale_positivi":7,
    "nuovi_positivi":8,
    "dimessi_guariti":191546,
    "deceduti":1054,
    "casi_da_sospetto_diagnostico":null,
    "casi_da_screening":null,
    "totale_casi":202495,
    "tamponi":1370590,
    "casi_testati":410019,
    "note":"Il dato relativo al numero dei \u201cCasi in isolamento domiciliare\u201d ed ai \u201cGuariti\u201d \u00e8 in corso di revisione.",
    "ingressi_terapia_intensiva":1,
    "note_test":null,
    "note_casi":null,
    "totale_positivi_test_molecolare":71287,
    "totale_positivi_test_antigenico_rapido":131208,
    "tamponi_test_molecolare":704033,
    "tamponi_test_antigenico_rapido":666557,
    "codice_nuts_1":"ITF",
    "codice_nuts_2":"ITF5"
  },
  {
    "data":"2024-01-17T17:00:00",
    "stato":"ITA",
    "codice_regione":18,
    "denominazione_regione":"Calabria",
    "lat":38.90597598,
    "long":16.59440194,
    "ricoverati_con_sintomi":60,
    "terapia_intensiva":9,
    "totale_ospedalizzati":69,
    "isolamento_domiciliare":3829,
    "totale_positivi":3898,
    "variazione_totale_positivi":-194,
    "nuovi_positivi":32,
    "dimessi_guariti":647209,
    "deceduti":3649,
    "casi_da_sospetto_diagnostico":null,
    "casi_da_screening":null,
    "totale_casi":654756,
    "tamponi":4515952,
    "casi_testati":3529490,
    "note":null,
    "ingressi_terapia_intensiva":3,
    "note_test":null,
    "note_casi":null,
    "totale_positivi_test_molecolare":204227,
    "totale_positivi_test_antigenico_rapido":450529,
    "tamponi_test_molecolare":1958944,
    "tamponi_test_antigenico_rapido":2557008,
    "codice_nuts_1":"ITF",
    "codice_nuts_2":"ITF6"
  },
  {
    "data":"2024-01-17T17:00:00",
    "stato":"ITA",
    "codice_regione":15,
    "denominazione_regione":"Campania",
    "lat":40.83956555,
    "long":14.25084984,
    "ricoverati_con_sintomi":158,
    "terapia_intensiva":7,
    "totale_ospedalizzati":165,
    "isolamento_domiciliare":12341,
    "totale_positivi":12506,
    "variazione_totale_positivi":-247,
    "nuovi_positivi":158,
    "dimessi_guariti":2522030,
    "deceduti":12106,
    "casi_da_sospetto_diagnostico":null,
    "casi_da_screening":null,
    "totale_casi":2546642,
    "tamponi":21712058,
    "casi_testati":5499663,
    "note":null,
    "ingressi_terapia_intensiva":1,
    "note_test":null,
    "note_casi":null,
    "totale_positivi_test_molecolare":959786,
    "totale_positivi_test_antigenico_rapido":1586856,
    "tamponi_test_molecolare":9731974,
    "tamponi_test_antigenico_rapido":11980084,
    "codice_nuts_1":"ITF",
    "codice_nuts_2":"ITF3"
  },
  {
    "data":"2024-01-17T17:00:00",
    "stato":"ITA",
    "codice_regione":8,
    "denominazione_regione":"Emilia-Romagna",
    "lat":44.49436681,
    "long":11.3417208,
    "ricoverati_con_sintomi":642,
    "terapia_intensiva":25,
    "totale_ospedalizzati":667,
    "isolamento_domiciliare":2089,
    "totale_positivi":2756,
    "variazione_totale_positivi":-219,
    "nuovi_positivi":69,
    "dimessi_guariti":2186565,
    "deceduti":20002,
    "casi_da_sospetto_diagnostico":null,
    "casi_da_screening":null,
    "totale_casi":2209323,
    "tamponi":20023320,
    "casi_testati":3000430,
    "note":"Il dato odierno dei casi per la provincia di Piacenza e Ravenna, risultato negativo rispetto a quello comunicato ieri, \u00e8 determinato dalla revisione delle posizioni anagrafiche dei casi precedentemente inseriti.",
    "ingressi_terapia_intensiva":0,
    "note_test":null,
    "note_casi":null,
    "totale_positivi_test_molecolare":1099811,
    "totale_positivi_test_antigenico_rapido":1109512,
    "tamponi_test_molecolare":10811630,
    "tamponi_test_antigenico_rapido":9211690,
    "codice_nuts_1":"ITH",
    "codice_nuts_2":"ITH5"
  },
  {
    "data":"2024-01-17T17:00:00",
    "stato":"ITA",
    "codice_regione":6,
    "denominazione_regione":"Friuli Venezia Giulia",
    "lat":45.6494354,
    "long":13.76813649,
    "ricoverati_con_sintomi":65,
    "terapia_intensiva":3,
    "totale_ospedalizzati":68,
    "isolamento_domiciliare":422,
    "totale_positivi":490,
    "variazione_totale_positivi":-31,
    "nuovi_positivi":18,
    "dimessi_guariti":591426,
    "deceduti":6421,
    "casi_da_sospetto_diagnostico":null,
    "casi_da_screening":null,
    "totale_casi":598337,
    "tamponi":7869620,
    "casi_testati":1277333,
    "note":"Il totale dei casi positivi \u00e8 stato ridotto di 1 a seguito di un test positivo rimosso dopo revisione del caso (caso relativo alla provincia di Udine).\t\t",
    "ingressi_terapia_intensiva":0,
    "note_test":null,
    "note_casi":null,
    "totale_positivi_test_molecolare":242336,
    "totale_positivi_test_antigenico_rapido":356001,
    "tamponi_test_molecolare":3888764,
    "tamponi_test_antigenico_rapido":3980856,
    "codice_nuts_1":"ITH",
    "codice_nuts_2":"ITH4"
  },
  {
    "data":"2024-01-17T17:00:00",
    "stato":"ITA",
    "codice_regione":12,
    "denominazione_regione":"Lazio",
    "lat":41.89277044,
    "long":12.48366722,
    "ricoverati_con_sintomi":499,
    "terapia_intensiva":15,
    "totale_ospedalizzati":514,
    "isolamento_domiciliare":58626,
    "totale_positivi":59140,
    "variazione_totale_positivi":5,
    "nuovi_positivi":160,
    "dimessi_guariti":2456305,
    "deceduti":13228,
    "casi_da_sospetto_diagnostico":null,
    "casi_da_screening":null,
    "totale_casi":2528673,
    "tamponi":27442909,
    "casi_testati":6256572,
    "note":null,
    "ingressi_terapia_intensiva":0,
    "note_test":null,
    "note_casi":null,
    "totale_positivi_test_molecolare":1042805,
    "totale_positivi_test_antigenico_rapido":1485868,
    "tamponi_test_molecolare":9756161,
    "tamponi_test_antigenico_rapido":17686748,
    "codice_nuts_1":"ITI",
    "codice_nuts_2":"ITI4"
  },
  {
    "data":"2024-01-17T17:00:00",
    "stato":"ITA",
    "codice_regione":7,
    "denominazione_regione":"Liguria",
    "lat":44.41149315,
    "long":8.9326992,
    "ricoverati_con_sintomi":96,
    "terapia_intensiva":3,
    "totale_ospedalizzati":99,
    "isolamento_domiciliare":0,
    "totale_positivi":99,
    "variazione_totale_positivi":5,
    "nuovi_positivi":35,
    "dimessi_guariti":683668,
    "deceduti":6014,
    "casi_da_sospetto_diagnostico":null,
    "casi_da_screening":null,
    "totale_casi":689781,
    "tamponi":7122035,
    "casi_testati":1545763,
    "note":null,
    "ingressi_terapia_intensiva":0,
    "note_test":null,
    "note_casi":"*di cui 60882  reinfezioni a partire dal 3\/09\/2021 [circ. min sal. n.37911 del 20\/08\/2021].",
    "totale_positivi_test_molecolare":288760,
    "totale_positivi_test_antigenico_rapido":401021,
    "tamponi_test_molecolare":2712610,
    "tamponi_test_antigenico_rapido":4409425,
    "codice_nuts_1":"ITC",
    "codice_nuts_2":"ITC3"
  },
  {
    "data":"2024-01-17T17:00:00",
    "stato":"ITA",
    "codice_regione":3,
    "denominazione_regione":"Lombardia",
    "lat":45.46679409,
    "long":9.190347404,
    "ricoverati_con_sintomi":569,
    "terapia_intensiva":23,
    "totale_ospedalizzati":592,
    "isolamento_domiciliare":5307,
    "totale_positivi":5899,
    "variazione_totale_positivi":-57,
    "nuovi_positivi":210,
    "dimessi_guariti":4281728,
    "deceduti":47641,
    "casi_da_sospetto_diagnostico":null,
    "casi_da_screening":null,
    "totale_casi":4335268,
    "tamponi":46974801,
    "casi_testati":9429722,
    "note":null,
    "ingressi_terapia_intensiva":0,
    "note_test":null,
    "note_casi":null,
    "totale_positivi_test_molecolare":1552013,
    "totale_positivi_test_antigenico_rapido":2783255,
    "tamponi_test_molecolare":17192956,
    "tamponi_test_antigenico_rapido":29781845,
    "codice_nuts_1":"ITC",
    "codice_nuts_2":"ITC4"
  },
  {
    "data":"2024-01-17T17:00:00",
    "stato":"ITA",
    "codice_regione":11,
    "denominazione_regione":"Marche",
    "lat":43.61675973,
    "long":13.5188753,
    "ricoverati_con_sintomi":82,
    "terapia_intensiva":1,
    "totale_ospedalizzati":83,
    "isolamento_domiciliare":0,
    "totale_positivi":83,
    "variazione_totale_positivi":-57,
    "nuovi_positivi":24,
    "dimessi_guariti":732056,
    "deceduti":4525,
    "casi_da_sospetto_diagnostico":null,
    "casi_da_screening":null,
    "totale_casi":736664,
    "tamponi":3797972,
    "casi_testati":2795680,
    "note":null,
    "ingressi_terapia_intensiva":0,
    "note_test":null,
    "note_casi":null,
    "totale_positivi_test_molecolare":223408,
    "totale_positivi_test_antigenico_rapido":513256,
    "tamponi_test_molecolare":2020705,
    "tamponi_test_antigenico_rapido":1777267,
    "codice_nuts_1":"ITI",
    "codice_nuts_2":"ITI3"
  },
  {
    "data":"2024-01-17T17:00:00",
    "stato":"ITA",
    "codice_regione":14,
    "denominazione_regione":"Molise",
    "lat":41.55774754,
    "long":14.65916051,
    "ricoverati_con_sintomi":6,
    "terapia_intensiva":0,
    "totale_ospedalizzati":6,
    "isolamento_domiciliare":595,
    "totale_positivi":601,
    "variazione_totale_positivi":-40,
    "nuovi_positivi":6,
    "dimessi_guariti":104136,
    "deceduti":790,
    "casi_da_sospetto_diagnostico":null,
    "casi_da_screening":null,
    "totale_casi":105527,
    "tamponi":848486,
    "casi_testati":799249,
    "note":null,
    "ingressi_terapia_intensiva":0,
    "note_test":null,
    "note_casi":null,
    "totale_positivi_test_molecolare":31089,
    "totale_positivi_test_antigenico_rapido":74438,
    "tamponi_test_molecolare":553930,
    "tamponi_test_antigenico_rapido":294556,
    "codice_nuts_1":"ITF",
    "codice_nuts_2":"ITF2"
  },
  {
    "data":"2024-01-17T17:00:00",
    "stato":"ITA",
    "codice_regione":21,
    "denominazione_regione":"P.A. Bolzano",
    "lat":46.49933453,
    "long":11.35662422,
    "ricoverati_con_sintomi":21,
    "terapia_intensiva":2,
    "totale_ospedalizzati":23,
    "isolamento_domiciliare":0,
    "totale_positivi":23,
    "variazione_totale_positivi":-4,
    "nuovi_positivi":3,
    "dimessi_guariti":299194,
    "deceduti":1661,
    "casi_da_sospetto_diagnostico":null,
    "casi_da_screening":null,
    "totale_casi":300878,
    "tamponi":5624954,
    "casi_testati":870363,
    "note":"3 nuovi positivi di cui 0 test antigenici confermati da test molecolare, 2 casi diagnosticati con test antigenico e 1 nuovi positivi al test PCR.",
    "ingressi_terapia_intensiva":0,
    "note_test":null,
    "note_casi":"3 nuovi positivi di cui 0 test antigenici confermati da test molecolare, 2 casi diagnosticati con test antigenico e 1 nuovi positivi al test PCR.",
    "totale_positivi_test_molecolare":87563,
    "totale_positivi_test_antigenico_rapido":213315,
    "tamponi_test_molecolare":942452,
    "tamponi_test_antigenico_rapido":4682502,
    "codice_nuts_1":"ITH",
    "codice_nuts_2":"ITH1"
  },
  {
    "data":"2024-01-17T17:00:00",
    "stato":"ITA",
    "codice_regione":22,
    "denominazione_regione":"P.A. Trento",
    "lat":46.06893511,
    "long":11.12123097,
    "ricoverati_con_sintomi":17,
    "terapia_intensiva":1,
    "totale_ospedalizzati":18,
    "isolamento_domiciliare":86,
    "totale_positivi":104,
    "variazione_totale_positivi":-6,
    "nuovi_positivi":11,
    "dimessi_guariti":251540,
    "deceduti":1679,
    "casi_da_sospetto_diagnostico":null,
    "casi_da_screening":null,
    "totale_casi":253323,
    "tamponi":3089562,
    "casi_testati":609704,
    "note":null,
    "ingressi_terapia_intensiva":0,
    "note_test":null,
    "note_casi":null,
    "totale_positivi_test_molecolare":45776,
    "totale_positivi_test_antigenico_rapido":207547,
    "tamponi_test_molecolare":879011,
    "tamponi_test_antigenico_rapido":2210551,
    "codice_nuts_1":"ITH",
    "codice_nuts_2":"ITH2"
  },
  {
    "data":"2024-01-17T17:00:00",
    "stato":"ITA",
    "codice_regione":1,
    "denominazione_regione":"Piemonte",
    "lat":45.0732745,
    "long":7.680687483,
    "ricoverati_con_sintomi":187,
    "terapia_intensiva":9,
    "totale_ospedalizzati":196,
    "isolamento_domiciliare":55628,
    "totale_positivi":55824,
    "variazione_totale_positivi":-41,
    "nuovi_positivi":67,
    "dimessi_guariti":1733210,
    "deceduti":13921,
    "casi_da_sospetto_diagnostico":null,
    "casi_da_screening":null,
    "totale_casi":1802955,
    "tamponi":22423128,
    "casi_testati":4510007,
    "note":null,
    "ingressi_terapia_intensiva":1,
    "note_test":null,
    "note_casi":null,
    "totale_positivi_test_molecolare":519791,
    "totale_positivi_test_antigenico_rapido":1283164,
    "tamponi_test_molecolare":5150028,
    "tamponi_test_antigenico_rapido":17273100,
    "codice_nuts_1":"ITC",
    "codice_nuts_2":"ITC1"
  },
  {
    "data":"2024-01-17T17:00:00",
    "stato":"ITA",
    "codice_regione":16,
    "denominazione_regione":"Puglia",
    "lat":41.12559576,
    "long":16.86736689,
    "ricoverati_con_sintomi":126,
    "terapia_intensiva":9,
    "totale_ospedalizzati":135,
    "isolamento_domiciliare":7883,
    "totale_positivi":8018,
    "variazione_totale_positivi":-2326,
    "nuovi_positivi":117,
    "dimessi_guariti":1668409,
    "deceduti":10021,
    "casi_da_sospetto_diagnostico":null,
    "casi_da_screening":null,
    "totale_casi":1686448,
    "tamponi":14526613,
    "casi_testati":3014376,
    "note":null,
    "ingressi_terapia_intensiva":1,
    "note_test":null,
    "note_casi":null,
    "totale_positivi_test_molecolare":515107,
    "totale_positivi_test_antigenico_rapido":1171341,
    "tamponi_test_molecolare":4887148,
    "tamponi_test_antigenico_rapido":9639465,
    "codice_nuts_1":"ITF",
    "codice_nuts_2":"ITF4"
  },
  {
    "data":"2024-01-17T17:00:00",
    "stato":"ITA",
    "codice_regione":20,
    "denominazione_regione":"Sardegna",
    "lat":39.21531192,
    "long":9.110616306,
    "ricoverati_con_sintomi":112,
    "terapia_intensiva":5,
    "totale_ospedalizzati":117,
    "isolamento_domiciliare":9472,
    "totale_positivi":9589,
    "variazione_totale_positivi":-4,
    "nuovi_positivi":3,
    "dimessi_guariti":513728,
    "deceduti":2975,
    "casi_da_sospetto_diagnostico":null,
    "casi_da_screening":null,
    "totale_casi":526292,
    "tamponi":5565839,
    "casi_testati":1767133,
    "note":null,
    "ingressi_terapia_intensiva":0,
    "note_test":null,
    "note_casi":null,
    "totale_positivi_test_molecolare":180339,
    "totale_positivi_test_antigenico_rapido":345953,
    "tamponi_test_molecolare":2247040,
    "tamponi_test_antigenico_rapido":3318799,
    "codice_nuts_1":"ITG",
    "codice_nuts_2":"ITG2"
  },
  {
    "data":"2024-01-17T17:00:00",
    "stato":"ITA",
    "codice_regione":19,
    "denominazione_regione":"Sicilia",
    "lat":38.11569725,
    "long":13.3623567,
    "ricoverati_con_sintomi":285,
    "terapia_intensiva":15,
    "totale_ospedalizzati":300,
    "isolamento_domiciliare":1208,
    "totale_positivi":1508,
    "variazione_totale_positivi":-233,
    "nuovi_positivi":45,
    "dimessi_guariti":1819821,
    "deceduti":13016,
    "casi_da_sospetto_diagnostico":null,
    "casi_da_screening":null,
    "totale_casi":1834345,
    "tamponi":16957887,
    "casi_testati":11294056,
    "note":null,
    "ingressi_terapia_intensiva":3,
    "note_test":null,
    "note_casi":null,
    "totale_positivi_test_molecolare":542764,
    "totale_positivi_test_antigenico_rapido":1291581,
    "tamponi_test_molecolare":5491379,
    "tamponi_test_antigenico_rapido":11466508,
    "codice_nuts_1":"ITG",
    "codice_nuts_2":"ITG1"
  },
  {
    "data":"2024-01-17T17:00:00",
    "stato":"ITA",
    "codice_regione":9,
    "denominazione_regione":"Toscana",
    "lat":43.76923077,
    "long":11.25588885,
    "ricoverati_con_sintomi":193,
    "terapia_intensiva":10,
    "totale_ospedalizzati":203,
    "isolamento_domiciliare":1978,
    "totale_positivi":2181,
    "variazione_totale_positivi":-201,
    "nuovi_positivi":62,
    "dimessi_guariti":1637734,
    "deceduti":12451,
    "casi_da_sospetto_diagnostico":null,
    "casi_da_screening":null,
    "totale_casi":1652366,
    "tamponi":17248331,
    "casi_testati":5461675,
    "note":null,
    "ingressi_terapia_intensiva":0,
    "note_test":null,
    "note_casi":null,
    "totale_positivi_test_molecolare":731545,
    "totale_positivi_test_antigenico_rapido":920821,
    "tamponi_test_molecolare":7137725,
    "tamponi_test_antigenico_rapido":10110606,
    "codice_nuts_1":"ITI",
    "codice_nuts_2":"ITI1"
  },
  {
    "data":"2024-01-17T17:00:00",
    "stato":"ITA",
    "codice_regione":10,
    "denominazione_regione":"Umbria",
    "lat":43.10675841,
    "long":12.38824698,
    "ricoverati_con_sintomi":98,
    "terapia_intensiva":3,
    "totale_ospedalizzati":101,
    "isolamento_domiciliare":870,
    "totale_positivi":971,
    "variazione_totale_positivi":-8,
    "nuovi_positivi":13,
    "dimessi_guariti":455328,
    "deceduti":2524,
    "casi_da_sospetto_diagnostico":null,
    "casi_da_screening":null,
    "totale_casi":458823,
    "tamponi":5157080,
    "casi_testati":826853,
    "note":"Si fa presente che dei 98 ricoveri non in T.I.: - 34 appartengono alle discipline di area medica (COD.24, COD.26, COD.68, COD.94) - 64 ricoveri appartengono ad altre discipline ospedaliere.",
    "ingressi_terapia_intensiva":0,
    "note_test":null,
    "note_casi":null,
    "totale_positivi_test_molecolare":160608,
    "totale_positivi_test_antigenico_rapido":298215,
    "tamponi_test_molecolare":1762715,
    "tamponi_test_antigenico_rapido":3394365,
    "codice_nuts_1":"ITI",
    "codice_nuts_2":"ITI2"
  },
  {
    "data":"2024-01-17T17:00:00",
    "stato":"ITA",
    "codice_regione":2,
    "denominazione_regione":"Valle d'Aosta",
    "lat":45.73750286,
    "long":7.320149366,
    "ricoverati_con_sintomi":2,
    "terapia_intensiva":0,
    "totale_ospedalizzati":2,
    "isolamento_domiciliare":26,
    "totale_positivi":28,
    "variazione_totale_positivi":-5,
    "nuovi_positivi":0,
    "dimessi_guariti":51820,
    "deceduti":588,
    "casi_da_sospetto_diagnostico":null,
    "casi_da_screening":null,
    "totale_casi":52436,
    "tamponi":604334,
    "casi_testati":148258,
    "note":null,
    "ingressi_terapia_intensiva":0,
    "note_test":null,
    "note_casi":null,
    "totale_positivi_test_molecolare":16489,
    "totale_positivi_test_antigenico_rapido":35947,
    "tamponi_test_molecolare":146589,
    "tamponi_test_antigenico_rapido":457745,
    "codice_nuts_1":"ITC",
    "codice_nuts_2":"ITC2"
  },
  {
    "data":"2024-01-17T17:00:00",
    "stato":"ITA",
    "codice_regione":5,
    "denominazione_regione":"Veneto",
    "lat":45.43490485,
    "long":12.33845213,
    "ricoverati_con_sintomi":398,
    "terapia_intensiva":22,
    "totale_ospedalizzati":420,
    "isolamento_domiciliare":9750,
    "totale_positivi":10170,
    "variazione_totale_positivi":-2,
    "nuovi_positivi":184,
    "dimessi_guariti":2810475,
    "deceduti":17401,
    "casi_da_sospetto_diagnostico":null,
    "casi_da_screening":null,
    "totale_casi":2838046,
    "tamponi":39089090,
    "casi_testati":5424268,
    "note":"Nei valori riportati per le terapie intensive si \u00e8 verificato un disallineamento temporale del flusso informativo pertanto per convenzione \u00e8 stato riportato  3 dimessi da TI  invece del n. 1 effettivi che include anche i negativizzati.",
    "ingressi_terapia_intensiva":3,
    "note_test":null,
    "note_casi":null,
    "totale_positivi_test_molecolare":1147792,
    "totale_positivi_test_antigenico_rapido":1690254,
    "tamponi_test_molecolare":12095626,
    "tamponi_test_antigenico_rapido":26993464,
    "codice_nuts_1":"ITH",
    "codice_nuts_2":"ITH3"
  }
]